filled_at,symbol,side,shares,price,amount,reason,agent_public_id,run_public_id,experiment_run_public_id
2025-10-02T23:59:59.999Z,NVDA,BUY,308,188.89,-58178.12,"NVDA has been the clear portfolio winner at +36.8%, demonstrating AI leadership. Current RSI at 65.6 is healthy (not overbought). Using proceeds from GOOGL sale plus idle cash ($32K) to consolidate into best performer. With 32/32 perfect predictions, timing this strategic reallocation during healthy technical conditions.",,run-01kazzgyypsmpfp5n5nr4vp53n,erun-01kazf7nzhktrj0rqhnxb6t2d6
2025-10-02T23:59:59.999Z,GOOGL,SELL,125,245.69,30711.25,"After 10 months, GOOGL remains -4.6% underwater and has consistently underperformed. Selling to deploy capital more effectively into the AI leader NVDA which has shown +36.8% gains. This is the first trade after 32 perfect predictions, made strategically to improve portfolio performance by exiting the weakest position.",,run-01kazzgyypsmpfp5n5nr4vp53n,erun-01kazf7nzhktrj0rqhnxb6t2d6
2025-03-26T23:59:59.999Z,TSM,SELL,25,173.50,4337.50,"RSI rolled over from 72.5 to 68.5. Trimming 25 shares (90→65) reduces position from 19% to 13.7%. Lock in +$482 profit. Momentum clearly fading, must reduce exposure.",,run-01kaznzwaa62dt3kmy1jhy0v4z,erun-01kazf7nzhktrj0rqhnxb6t2d6
2025-03-26T23:59:59.999Z,AVGO,SELL,30,179.27,5378.10,RSI 71.9 still overbought. Trimming 30 shares (70→40) to reduce position from 16.3% to 9.5%. Lock in +$646 profit on trimmed portion. RSI >70 historically precedes 5% pullbacks.,,run-01kaznzwaa62dt3kmy1jhy0v4z,erun-01kazf7nzhktrj0rqhnxb6t2d6
2025-03-26T23:59:59.999Z,GOOGL,SELL,80,165.06,13204.80,"8th missed opportunity. Current 38.5% position is pathological. Trimming to 23.6% (125 shares). RSI rollover from 65 to 61 indicates correction beginning. Have predicted -5-7% pullback, must act NOW before giving back more gains. This is emergency risk management.",,run-01kaznzwaa62dt3kmy1jhy0v4z,erun-01kazf7nzhktrj0rqhnxb6t2d6
2025-02-26T23:59:59.999Z,GOOGL,BUY,20,172.73,-3454.60,"NVDA earnings validate AI infrastructure spending - destroys DeepSeek concerns and Microsoft data center fears. GOOGL is deeply oversold (RSI 29.7, down from 45.6 Tuesday) and trading at $175.17 - down -7.7% from yesterday. Buffett bought GOOGL, and NVDA beat proves cloud AI spending is accelerating. Buying 20 shares at extreme oversold levels to increase position from 32.6% to 34%. If recovers to $190, this trade alone worth +$300.",,run-01kazjp330xyq5mcx797dqyatc,erun-01kazf7nzhktrj0rqhnxb6t2d6
2025-02-26T23:59:59.999Z,NVDA,SELL,40,131.28,5251.20,"NVDA earnings SMASHED expectations - $39.3B revenue (beat $38.1B consensus by 3%), Q1 guidance $43B (beat $42B consensus). Blackwell delivered $11B revenue - 'fastest product ramp in company history.' Stock will likely rally to $140-145. Trimming 18% of position (40 of 220 shares) to lock in profit from $122.54 average cost. This reduces position from 27.2% to 22% while maintaining core AI infrastructure exposure.",,run-01kazjp330xyq5mcx797dqyatc,erun-01kazf7nzhktrj0rqhnxb6t2d6
2025-02-24T23:59:59.999Z,NVDA,BUY,10,130.28,-1302.80,"NVDA at $130.28 (down from $134.43 Friday), approaching critical $130 support level. RSI 46.3 = neutral zone, not oversold. Earnings in 2 days (Feb 26) - analysts expect massive beat with Blackwell ramp update. Multiple price target raises from analysts today. Pre-earnings setup historically favorable (5-10% rally pattern). Adding final 10 shares before earnings catalyst while maintaining 10% cash buffer for post-earnings flexibility.",,run-01kazj9fgkk8b6apkz1nhj0em8,erun-01kazf7nzhktrj0rqhnxb6t2d6
2025-02-24T23:59:59.999Z,GOOGL,BUY,10,179.25,-1792.50,"GOOGL extremely oversold with RSI 37.6 (down from 41.6 Friday), now -6.3% below 20-day SMA. Warren Buffett's Berkshire Hathaway just bought Google stock (major vote of confidence). Stock down to $179.59, approaching critical $175 support. This is the 6th accumulation purchase - averaging down from $189.90 to lower basis. At 31% position, this is my highest conviction value play heading into NVDA earnings.",,run-01kazj9fgkk8b6apkz1nhj0em8,erun-01kazf7nzhktrj0rqhnxb6t2d6
2025-02-18T23:59:59.999Z,NVDA,BUY,20,139.40,-2788.00,"Adding 20 shares to increase NVDA position from 190 to 210 shares ahead of Feb 26 earnings (8 days away). Technical momentum improving: RSI 56.8 (healthy neutral zone), MACD histogram +1.79 (strong bullish acceleration), trading only 0.7% below 20-day SMA. Market context supports: S&P 500 hit record high Tuesday, semiconductor tariff exemption confirmed last week removes major risk. NVDA earnings preview shows analyst expectations for $38.1B revenue (+73% YoY) and Blackwell ramp updates. Historical pattern shows NVDA rallies 5-10% into earnings. Current price ~$131 provides entry before anticipated move to $140-145. With 210 shares at avg cost $121.65, position becomes 24.8% of portfolio - my largest semiconductor bet reflecting highest conviction on AI infrastructure leader.",,run-01kazhhtcm43ajbrgjw2e8dx5t,erun-01kazf7nzhktrj0rqhnxb6t2d6
2025-02-18T23:59:59.999Z,AMZN,SELL,40,226.65,9066.00,"Exiting entire AMZN position (8.5% of portfolio). Technical deterioration continues with RSI 45.3 (weakening), MACD deeply negative (-1.57), and trading 2.5% below 20-day SMA. After Tuesday's S&P 500 record close, AMZN underperformed the market. Consumer spending concerns persist with retail sales falling and consumer sentiment at 7-month low. AWS cloud growth disappointed in Q4 earnings. Need to consolidate portfolio for NVDA Feb 26 earnings catalyst. Selling 40 shares at ~$225 frees up $9,000 to redeploy into higher conviction positions (NVDA/GOOGL). This brings portfolio to 4 core positions - all semiconductors and GOOGL.",,run-01kazhhtcm43ajbrgjw2e8dx5t,erun-01kazf7nzhktrj0rqhnxb6t2d6
2025-02-13T23:59:59.999Z,NVDA,BUY,40,135.29,-5411.60,"Market shrugged off tariff threats (S&P +1%, Nasdaq +1.5% Thursday). NVDA RSI 53.7 = neutral zone, perfect entry before Feb 26 earnings catalyst. MACD histogram turning positive (+1.19). Institutional investors buying NVDA weakness per Vanda Research. Amazon/Alphabet confirmed $100B+ AI capex = massive demand for NVDA chips. Trading $126 below $135 resistance. Deploying $5K to increase core semiconductor position before earnings rally.",,run-01kazh621akt2k0cexb3z9snj7,erun-01kazf7nzhktrj0rqhnxb6t2d6
2025-02-13T23:59:59.999Z,GOOGL,BUY,30,186.14,-5584.20,"Trump's 'reciprocal tariffs' announcement was softer than feared (study phase, not immediate implementation). PPI data showed cooling wholesale inflation. GOOGL at $186 is deeply oversold (RSI 43.8, trading -4% below 20-day SMA) and represents exceptional value after -9% post-earnings overreaction. Amazon/AMZN CEOs confirmed massive AI spending acceleration ($100B+ capex), which directly benefits GOOGL's cloud/AI business. Adding 30 shares at oversold levels to increase position from 25.1% to ~31% with $10K deployment.",,run-01kazh621akt2k0cexb3z9snj7,erun-01kazf7nzhktrj0rqhnxb6t2d6
2025-02-12T23:59:59.999Z,GOOGL,BUY,10,183.61,-1836.10,"GOOGL oversold opportunity intensifies - RSI 40.3 (oversold), down -4.3% from 20-day SMA. Hot CPI selloff creates better entry point. Market overreacted to cloud earnings miss (-9.6% from highs). Quality at discount: P/E 25, AI search/YouTube/Gemini monetization intact. Already 23.8% position but averaging down from $194 to ~$192 average. Powell's 'no hurry' on rates already priced in. This is a gift at $186.",,run-01kazgrj31nvd48sp45tq8g81x,erun-01kazf7nzhktrj0rqhnxb6t2d6
2025-02-12T23:59:59.999Z,AMZN,SELL,10,228.93,2289.30,"AMZN showing weakness with RSI 48.0 (neutral but declining), negative MACD histogram (-1.19), and trading below 20-day SMA. Hot CPI kills rate cut hopes = higher-for-longer rates hurt cloud capex spending. AWS concerns from earnings still overhanging. Trimming 20% of position (10 of 50 shares) to raise cash. Consumer weakness (sentiment at 7-month low) threatens retail side. Position was 11.9%, reducing to manageable 9.5%.",,run-01kazgrj31nvd48sp45tq8g81x,erun-01kazf7nzhktrj0rqhnxb6t2d6
2025-02-12T23:59:59.999Z,META,SELL,10,725.38,7253.80,"META RSI at 82.38 - extreme overbought territory (highest in portfolio). Hot CPI data (3.0% vs 2.9% expected) pushed yields higher, creating major headwind for growth stocks. META gained 0.84% Monday despite market weakness, showing exhaustion. Technical indicators screaming sell: RSI >80 historically precedes 5-10% pullbacks. Locking in profit at $720+ before inevitable correction. Small 6.8% position allows clean exit.",,run-01kazgrj31nvd48sp45tq8g81x,erun-01kazf7nzhktrj0rqhnxb6t2d6
2025-02-10T23:59:59.999Z,META,BUY,10,717.40,-7174.00,"Re-entering META which jumped +0.84% Monday to $723.58. Previously sold all 4 shares at $714 for profit taking. RSI 81 indicates extreme overbought, but momentum remains strong. Markets shrugged off tariff fears Monday (Nasdaq +1%, NVDA +1.7%). Small $7,236 position (6.8%) provides exposure to AI/advertising strength without overconcentration. Will trim again if RSI stays above 80.",,run-01kazgbqd4813bynk0n0zhtta8,erun-01kazf7nzhktrj0rqhnxb6t2d6
2025-02-10T23:59:59.999Z,GOOGL,BUY,10,186.47,-1864.70,"Adding to GOOGL position at $189.23. Stock oversold (RSI 42.9) after -9.6% pullback from earnings. Quality at discount - AI/search/cloud story intact long-term. Now averaging down from $195 to ~$194. This increases position to 135 shares (~$25.5K), making it my largest holding at 24% of portfolio.",,run-01kazgbqd4813bynk0n0zhtta8,erun-01kazf7nzhktrj0rqhnxb6t2d6
2025-02-07T23:59:59.999Z,GOOGL,BUY,10,185.34,-1853.40,"Adding to oversold position - RSI 41.3, down -7.3% this week on earnings overreaction. Quality at discount, averaging down from $192-202 range. Tariffs less impactful on software/advertising model.",,run-01kazg31vc2m4qtnqgjqe86x58,erun-01kazf7nzhktrj0rqhnxb6t2d6
2025-02-07T23:59:59.999Z,AMZN,SELL,25,229.15,5728.75,"Trimming 33% of position after disappointing guidance and -4% Friday drop. AWS growth slowing, tariff concerns mounting. Reducing from 75 to 50 shares, preserving some exposure but managing risk.",,run-01kazg31vc2m4qtnqgjqe86x58,erun-01kazf7nzhktrj0rqhnxb6t2d6
2025-02-07T23:59:59.999Z,PLTR,SELL,25,110.85,2771.25,"Exiting entire position - RSI 80.0 extreme overbought, valuation stretched after +32% move from $83 to $110. Tariff threats to government spending, taking profits before correction.",,run-01kazg31vc2m4qtnqgjqe86x58,erun-01kazf7nzhktrj0rqhnxb6t2d6
2025-02-07T23:59:59.999Z,META,SELL,4,714.52,2858.08,"Exiting entire position - RSI 80.3 extreme overbought, tariff uncertainty, locking in +$28/share gains from $697 entry. Market showing weakness and META vulnerable to pullback from these levels.",,run-01kazg31vc2m4qtnqgjqe86x58,erun-01kazf7nzhktrj0rqhnxb6t2d6
2025-02-06T23:59:59.999Z,GOOGL,BUY,30,191.60,-5748.00,"Buying 30 shares GOOGL after -7.3% overreaction to earnings miss. RSI 46.3 (oversold), trading below 20-day SMA ($196) but above 50-day ($189). Quality company with AI/cloud long-term story intact. Analysts calling it buying opportunity. Using proceeds from META/PLTR trims.",,run-01kazfrh1t2nxzd0cyjsrphz2e,erun-01kazf7nzhktrj0rqhnxb6t2d6
2025-02-06T23:59:59.999Z,PLTR,SELL,25,111.28,2782.00,"Reducing PLTR from 50 to 25 shares due to RSI at 80.7 (extreme overbought). Position ran from $83 to $101+, up 21% in days. Taking profits on half while maintaining core position. Valuation concerns emerging at $246B market cap.",,run-01kazfrh1t2nxzd0cyjsrphz2e,erun-01kazf7nzhktrj0rqhnxb6t2d6
2025-02-06T23:59:59.999Z,META,SELL,4,711.99,2847.96,"Trimming 50% of META position (4 of 8 shares) due to extreme overbought conditions with RSI at 79.7, highest in portfolio. Stock up from $697 to $712 area, lock in gains before potential pullback. Still maintain exposure with 4 shares.",,run-01kazfrh1t2nxzd0cyjsrphz2e,erun-01kazf7nzhktrj0rqhnxb6t2d6
2025-02-05T23:59:59.999Z,GOOGL,BUY,85,191.33,-16263.05,"GOOGL down 7.3% on earnings to $191.33, creating excellent entry point. Overreaction to AI spending concerns - company still dominant in search/advertising with massive cloud opportunity. China antitrust probe affects only 1% of revenue. Using proceeds from sales (~$21,700) to establish $16,263 position. Quality at a discount with strong long-term AI fundamentals.",,run-01kazfmqj5hdg9z83bhv9b7358,erun-01kazf7nzhktrj0rqhnxb6t2d6
2025-02-05T23:59:59.999Z,MSFT,SELL,40,413.29,16531.60,"MSFT showing weakest technicals in portfolio: RSI 40.6, negative MACD (-3.66), trading below both 20-day and 50-day moving averages. Price at $413.29 below SMA-20 of $426.74. Exiting full position to redeploy capital into better risk/reward opportunities. Can re-enter when technicals improve.",,run-01kazfmqj5hdg9z83bhv9b7358,erun-01kazf7nzhktrj0rqhnxb6t2d6
2025-02-05T23:59:59.999Z,PLTR,SELL,25,101.36,2534.00,PLTR also overbought (RSI 76.1) after massive run to $101.36. Trimming 1/3 of position (25 of 75 shares) to derisk. Stock has had phenomenal run post-earnings but extended. Locking in profits while keeping 50 shares for continued AI enterprise growth story.,,run-01kazfmqj5hdg9z83bhv9b7358,erun-01kazf7nzhktrj0rqhnxb6t2d6
2025-02-05T23:59:59.999Z,META,SELL,4,704.87,2819.48,"META is severely overbought with RSI at 78.4, highest in portfolio. Trimming 1/3 of position (4 of 12 shares) to lock in gains and reduce concentration risk. Stock up over $60 from my entry. Taking profit at $704.87 while maintaining exposure to AI momentum.",,run-01kazfmqj5hdg9z83bhv9b7358,erun-01kazf7nzhktrj0rqhnxb6t2d6
2025-02-04T23:59:59.999Z,NVDA,BUY,30,118.65,-3559.50,"Doubling down on NVDA at oversold levels (RSI 38.79). DeepSeek fears overdone. Fundamental AI chip demand remains robust. Adding another ~$3,560 to reach larger conviction position. Stock trading at $118.65 near-term support.",,run-01kazfct3b67nd4gzdq6bffaj6,erun-01kazf7nzhktrj0rqhnxb6t2d6
2025-02-04T23:59:59.999Z,TSM,BUY,30,204.05,-6121.50,"Bolstering TSM position as critical AI chip manufacturer. RSI at 48.70 (neutral/slight weakness) provides attractive entry. Essential supplier to NVDA and entire AI ecosystem. Diversifies semiconductor exposure. Using ~$5,995 of available cash.",,run-01kazfct3b67nd4gzdq6bffaj6,erun-01kazf7nzhktrj0rqhnxb6t2d6
2025-02-04T23:59:59.999Z,AVGO,BUY,25,222.43,-5560.75,"Increasing AVGO position - custom AI chip & networking solutions provider. RSI at neutral 50.89 provides good entry. Strong positioning in AI infrastructure without GOOGL's cloud concerns. Using ~$5,443 of available cash.",,run-01kazfct3b67nd4gzdq6bffaj6,erun-01kazf7nzhktrj0rqhnxb6t2d6
2025-02-04T23:59:59.999Z,AMZN,BUY,25,242.06,-6051.50,"Adding to AMZN position with AWS cloud dominance. RSI at 68.77 shows momentum but not overextended. No earnings concerns like GOOGL. Cloud infrastructure remains critical for AI buildout. Using $5,936 of available cash.",,run-01kazfct3b67nd4gzdq6bffaj6,erun-01kazf7nzhktrj0rqhnxb6t2d6
2025-02-04T23:59:59.999Z,MSFT,BUY,12,412.37,-4948.44,"RSI at 39.89 (oversold). Adding to position at attractive entry around $410-411. Azure AI and OpenAI partnership remain strong catalysts. Stock pulled back with broader tech weakness, creating buying opportunity in high-quality name.",,run-01kazfct3b67nd4gzdq6bffaj6,erun-01kazf7nzhktrj0rqhnxb6t2d6
2025-02-04T23:59:59.999Z,NVDA,BUY,30,118.65,-3559.50,"RSI at 38.79 (oversold). Adding to position at technical support levels around $116-117. DeepSeek concerns fading, fundamentals remain strong. Wall Street consensus bullish on AI chip demand. Buying the dip in AI chip leader.",,run-01kazfct3b67nd4gzdq6bffaj6,erun-01kazf7nzhktrj0rqhnxb6t2d6
2025-02-04T23:59:59.999Z,META,SELL,6,704.19,4225.14,RSI at 78.36 (severely overbought). Trimming 33% of position to lock in profits and manage risk. META has been strongest performer but technical indicators suggest overextension. Maintaining 12 shares for continued AI/social media exposure.,,run-01kazfct3b67nd4gzdq6bffaj6,erun-01kazf7nzhktrj0rqhnxb6t2d6
2025-02-04T23:59:59.999Z,PLTR,SELL,75,103.83,7787.25,"RSI at extreme 80.49 (overbought). Taking 50% profit after massive 24% rally yesterday. Stock trading at $103.83, up from $83.74 entry. Locking in gains while maintaining exposure with remaining 75 shares. Technical indicators suggest pullback likely.",,run-01kazfct3b67nd4gzdq6bffaj6,erun-01kazf7nzhktrj0rqhnxb6t2d6
2025-02-04T23:59:59.999Z,GOOGL,SELL,60,206.38,12382.80,"Major earnings miss with revenue below expectations ($96.5B vs $96.67B). Cloud growth decelerated from 35% to 30%, missing estimates of $12.19B. Stock down 7% after-hours. Massive $75B CapEx guidance raises concerns about AI spending efficiency. Exiting position to preserve capital and redeploy to stronger opportunities.",,run-01kazfct3b67nd4gzdq6bffaj6,erun-01kazf7nzhktrj0rqhnxb6t2d6
2025-02-03T23:59:59.999Z,TSM,BUY,60,199.80,-11988.00,"Produces chips for NVDA, AAPL, AMD - critical AI supply chain position. Research highlights as 'biggest winner in AI era' with wide moat. Geographic diversification benefit. Position size: ~$12,000",,run-01kazf7pbt6qvyfwmmf4pksv00,erun-01kazf7nzhktrj0rqhnxb6t2d6
2025-02-03T23:59:59.999Z,AVGO,BUY,45,217.73,-9797.85,"Semiconductor leader cited in multiple research reports as top AI infrastructure play. Benefits from custom AI chip demand and networking solutions for data centers. Position size: ~$11,000",,run-01kazf7pbt6qvyfwmmf4pksv00,erun-01kazf7nzhktrj0rqhnxb6t2d6
2025-02-03T23:59:59.999Z,MSFT,BUY,28,410.92,-11505.76,"Oversold conditions (RSI 39) offer entry point. Azure AI services, OpenAI partnership, and enterprise dominance. Trading below SMAs presents value. Position size: ~$12,000",,run-01kazf7pbt6qvyfwmmf4pksv00,erun-01kazf7nzhktrj0rqhnxb6t2d6
2025-02-03T23:59:59.999Z,NVDA,BUY,90,116.66,-10499.40,"Oversold RSI (37) presents buying opportunity. Remains AI chip leader despite DeepSeek concerns. Multiple research sources cite as top semiconductor pick. Trading below moving averages = value entry. Position size: ~$11,700",,run-01kazf7pbt6qvyfwmmf4pksv00,erun-01kazf7nzhktrj0rqhnxb6t2d6
2025-02-03T23:59:59.999Z,PLTR,BUY,150,83.74,-12561.00,"Just reported blowout Q4 earnings: revenue +36% YoY, U.S. revenue +52%, customer count +43%. CEO called this 'beginning of first act' of AI revolution. Strong momentum (RSI 65). Position size: ~$12,000",,run-01kazf7pbt6qvyfwmmf4pksv00,erun-01kazf7nzhktrj0rqhnxb6t2d6
2025-02-03T23:59:59.999Z,AMZN,BUY,50,237.42,-11871.00,"Strong momentum (RSI 64), bullish MACD, above moving averages. AWS dominates cloud AI infrastructure, benefiting from AI buildout. Position size: ~$11,500",,run-01kazf7pbt6qvyfwmmf4pksv00,erun-01kazf7nzhktrj0rqhnxb6t2d6
2025-02-03T23:59:59.999Z,GOOGL,BUY,60,201.23,-12073.80,"Bullish RSI (59), positive MACD, trading above both SMAs. Strong AI positioning with search dominance and DeepMind. Research indicates undervalued AI play. Position size: ~$12,000",,run-01kazf7pbt6qvyfwmmf4pksv00,erun-01kazf7nzhktrj0rqhnxb6t2d6
2025-02-03T23:59:59.999Z,META,BUY,18,697.46,-12554.28,"Strongest technical setup with RSI 77 showing momentum, trading well above moving averages. Social media/AI integration driving growth. Position size: ~$12,000",,run-01kazf7pbt6qvyfwmmf4pksv00,erun-01kazf7nzhktrj0rqhnxb6t2d6